{
  "project_info": {
    "project_number": "332484770402",
    "project_id": "material-design-eeec0",
    "storage_bucket": "material-design-eeec0.appspot.com"
  },
  "client": [
    {
      "client_info": {
        "mobilesdk_app_id": "1:332484770402:android:22b238856213b15ae1af3b",
        "android_client_info": {
          "package_name": "com.example.materialdesign"
        }
      },
      "oauth_client": [
        {
          "client_id": "332484770402-93k7p13da9pr6bgipb635o54ceth7hk0.apps.googleusercontent.com",
          "client_type": 3
        }
      ],
      "api_key": [
        {
          "current_key": "AIzaSyBw9biTicITiuLArsqOkMIOoHZQlw5Bbno"
        }
      ],
      "services": {
        "appinvite_service": {
          "other_platform_oauth_client": [
            {
              "client_id": "332484770402-93k7p13da9pr6bgipb635o54ceth7hk0.apps.googleusercontent.com",
              "client_type": 3
            }
          ]
        }
      }
    }
  ],
  "configuration_version": "1"
}